Workbook

Sheet Resumo
B2: Oferta/Cargo | C2: Gênero | G2: Qt. Total
C3: Feminino | E3: Masculino
C4: Qt. | D4: % | E4: Qt. | F4: %
B5: PCPE - Cargo 01: Agente de Policia - 2025.2 | C5: =COUNTIFS(Matriculados!A:A,B5,Matriculados!M:M,"f") -> 72 | D5: =ROUND((C5*100)/$G5,1) -> 27.9 | E5: =COUNTIFS(Matriculados!A:A,B5,Matriculados!M:M,"m") -> 186 | F5: =ROUND((E5*100)/$G5,1) -> 72.1 | G5: =SUM(C5,E5) -> 258
B6: PCPE - Cargo 01: Agente de Policia - 2025.2 (SUBJUD) | C6: =COUNTIFS(Matriculados!A:A,B6,Matriculados!M:M,"f") -> 0 | D6: =ROUND((C6*100)/$G6,1) -> 0 | E6: =COUNTIFS(Matriculados!A:A,B6,Matriculados!M:M,"m") -> 1 | F6: =ROUND((E6*100)/$G6,1) -> 100 | G6: =SUM(C6,E6) -> 1
B7: PCPE - Cargo 01: Agente de Policia - 2025.2 (SUBJUD 2016) | C7: =COUNTIFS(Matriculados!A:A,B7,Matriculados!M:M,"f") -> 0 | D7: =ROUND((C7*100)/$G7,1) -> #DIV/0! | E7: =COUNTIFS(Matriculados!A:A,B7,Matriculados!M:M,"m") -> 0 | F7: =ROUND((E7*100)/$G7,1) -> #DIV/0! | G7: =SUM(C7,E7) -> 0
B8: PCPE - Cargo 02: Delegado de Policia - 2025.2 | C8: =COUNTIFS(Matriculados!A:A,B8,Matriculados!M:M,"f") -> 19 | D8: =ROUND((C8*100)/$G8,1) -> 48.7 | E8: =COUNTIFS(Matriculados!A:A,B8,Matriculados!M:M,"m") -> 20 | F8: =ROUND((E8*100)/$G8,1) -> 51.3 | G8: =SUM(C8,E8) -> 39
B9: PCPE - Cargo 02: Delegado de Policia - 2025.2 (SUBJUD) | C9: =COUNTIFS(Matriculados!A:A,B9,Matriculados!M:M,"f") -> 2 | D9: =ROUND((C9*100)/$G9,1) -> 50 | E9: =COUNTIFS(Matriculados!A:A,B9,Matriculados!M:M,"m") -> 2 | F9: =ROUND((E9*100)/$G9,1) -> 50 | G9: =SUM(C9,E9) -> 4
B10: PCPE - Cargo 03: Escrivao de Policia - 2025.2 | C10: =COUNTIFS(Matriculados!A:A,B10,Matriculados!M:M,"f") -> 72 | D10: =ROUND((C10*100)/$G10,1) -> 50.3 | E10: =COUNTIFS(Matriculados!A:A,B10,Matriculados!M:M,"m") -> 71 | F10: =ROUND((E10*100)/$G10,1) -> 49.7 | G10: =SUM(C10,E10) -> 143
B11: PCPE - Cargo 03: Escrivao de Policia - 2025.2 (SUBJUD) | C11: =COUNTIFS(Matriculados!A:A,B11,Matriculados!M:M,"f") -> 1 | D11: =ROUND((C11*100)/$G11,1) -> 50 | E11: =COUNTIFS(Matriculados!A:A,B11,Matriculados!M:M,"m") -> 1 | F11: =ROUND((E11*100)/$G11,1) -> 50 | G11: =SUM(C11,E11) -> 2
B12: Total | C12: =SUM(C5:C11) -> 166 | D12: =ROUND((C12*100)/$G12,1) -> 37.1 | E12: =SUM(E5:E11) -> 281 | F12: =ROUND((E12*100)/$G12,1) -> 62.9 | G12: =SUM(C12,E12) -> 447
B13: Matrículas efetuadas entre 17/11/2025 e 05/12/2025
B14: Dados extraídos em 06/12/2025 15:17

Sheet Matriculados
A1: nome_oferta | B1: nome_turma | C1: codg_matricula | D1: data_matricula | E1: numr_inscricao_origem | F1: nome_pessoa | G1: lateralidade_manual | H1: indc_convocacao_pne | I1: nome_necessidades_especiais_permanentes | J1: indc_religiao_guardasabados | K1: numr_cpf | L1: numr_fone_1 | M1: codg_sexo | N1: numr_rg | O1: data_exped_rg | P1: sigl_orgao_exped_rg | Q1: email | R1: cpf corrigido | S1: DOMINIO
A2: PCPE - Cargo 01: Agente de Policia - 2025.2 | B2: AP-01-2025.2 | C2: 2228 | D2: 2025-11-17 | E2: 10025304 | F2: ABDIAS FERREIRA LEMOS JUNIOR | G2: Destro | H2: 0 | J2: 0 | K2: 12697608400 | L2: 87981138737 | M2: m | N2: 9995369 | O2: 18092024 | P2: SDS/PE | Q2: abdias.lemos@policiacivil.pe.gov.br | R2: 12697608400 | S2: PCPE
A3: PCPE - Cargo 01: Agente de Policia - 2025.2 | B3: AP-07-2025.2 | C3: 2292 | D3: 2025-11-17 | E3: 10014573 | F3: ADELSON DANTAS COSTA SOBRINHO | G3: Canhoto | H3: 0 | J3: 0 | K3: 1355555400 | L3: 81981293075 | M3: m | N3: 6964101 | O3: 03062009 | P3: PE | Q3: adelson.costa@policiacivil.pe.gov.br | R3: 01355555400 | S3: PCPE
A4: PCPE - Cargo 01: Agente de Policia - 2025.2 | B4: AP-08-2025.2 | C4: 2209 | D4: 2025-11-17 | E4: 10028429 | F4: ADRIANO NUNES TAVARES | G4: Destro | H4: 0 | J4: 0 | K4: 89975758215 | L4: 91982815052 | M4: m | N4: 4982054 | O4: 17112015 | P4: PA | Q4: adriano.tavares@policiacivil.pe.gov.br | R4: 89975758215 | S4: PCPE
A5: PCPE - Cargo 01: Agente de Policia - 2025.2 | B5: AP-05-2025.2 | C5: 2220 | D5: 2025-11-17 | E5: 10064401 | F5: ADSON PEREIRA DE OLIVEIRA | G5: Destro | H5: 0 | J5: 0 | K5: 9806110404 | L5: 81995252737 | M5: m | N5: 59343 | O5: 01102025 | P5: PMPE | Q5: adson.oliveira@pm.pe.gov.br | R5: 09806110404 | S5: PM
A6: PCPE - Cargo 01: Agente de Policia - 2025.2 | B6: AP-07-2025.2 | C6: 2094 | D6: 2025-11-17 | E6: 10022273 | F6: AIANY MARIA QUEIROZ FELIX | G6: Destro | H6: 0 | J6: 0 | K6: 10435102494 | L6: 81995717781 | M6: f | N6: 8501126 | O6: 13082018 | P6: PE | Q6: aiany.felix@policiacivil.pe.gov.br | R6: 10435102494 | S6: PCPE
A7: PCPE - Cargo 01: Agente de Policia - 2025.2 | B7: AP-08-2025.2 | C7: 2478 | D7: 2025-11-24 | E7: 10024960 | F7: AIRTON ROBERTO PEREIRA SIQUEIRA | G7: Destro | H7: 0 | J7: 0 | K7: 10541112430 | L7: 87988063890 | M7: m | N7: 8964070 | O7: 10032010 | P7: PE | Q7: airton.siqueira@pm.pe.gov.br | R7: 10541112430 | S7: PM
A8: PCPE - Cargo 01: Agente de Policia - 2025.2 | B8: AP-08-2025.2 | C8: 2132 | D8: 2025-11-17 | E8: 10054412 | F8: ALANA CARVALHO DE AZEVEDO REGIS | G8: Destro | H8: 0 | J8: 0 | K8: 11156477417 | L8: 8199996242 | M8: f | N8: 8753660 | O8: 24022021 | P8: PE | Q8: alana.regis@policiacivil.pe.gov.br | R8: 11156477417 | S8: PCPE
A9: PCPE - Cargo 01: Agente de Policia - 2025.2 | B9: AP-07-2025.2 | C9: 2518 | D9: 2025-12-04 | E9: 10010675 | F9: ALAYSE THAYANE DE OLIVEIRA BARROS | G9: Destro | H9: 0 | J9: 0 | K9: 9024447437 | L9: 82996071772 | M9: f | N9: 9024447437 | O9: 21112025 | P9: AL | Q9: alayse.barros@policiacivil.pe.gov.br | R9: 09024447437 | S9: PCPE
A10: PCPE - Cargo 01: Agente de Policia - 2025.2 | B10: AP-05-2025.2 | C10: 2128 | D10: 2025-11-17 | E10: 10049421 | F10: ALBERTY MICAEL NOIA DOS SANTOS | G10: Destro | H10: 0 | J10: 0 | K10: 12210556406 | L10: 82996952125 | M10: m | N10: 323172502 | O10: 11022016 | P10: RJ | Q10: alberty.santos@policiacivil.pe.gov.br | R10: 12210556406 | S10: PCPE
A11: PCPE - Cargo 01: Agente de Policia - 2025.2 | B11: AP-03-2025.2 | C11: 2386 | D11: 2025-11-18 | E11: 10035727 | F11: ALERVSON JOSE DA SILVA | G11: Destro | H11: 0 | J11: 0 | K11: 12171798440 | L11: 81993711319 | M11: m | N11: 8730408 | O11: 18042024 | P11: PE | Q11: alervson.silva@pm.pe.gov.br | R11: 12171798440 | S11: PM
A12: PCPE - Cargo 01: Agente de Policia - 2025.2 | B12: AP-01-2025.2 | C12: 2074 | D12: 2025-11-17 | E12: 10023305 | F12: ALEXANDRE SARAIVA CARNIATO | G12: Destro | H12: 0 | J12: 0 | K12: 769651470 | L12: 83991087175 | M12: m | N12: 1629751 | O12: 09082023 | P12: PB | Q12: alexandre.carniato@policiacivil.pe.gov.br | R12: 00769651470 | S12: PCPE
A13: PCPE - Cargo 01: Agente de Policia - 2025.2 | B13: AP-04-2025.2 | C13: 2148 | D13: 2025-11-17 | E13: 10006557 | F13: ALICE BASTOS MAZZOLA | G13: Destro | H13: 0 | J13: 0 | K13: 13059417482 | L13: 81995095136 | M13: f | N13: 10069860 | O13: 25092025 | P13: SDS/PE | Q13: alice.mazzola@policiacivil.pe.gov.br | R13: 13059417482 | S13: PCPE
A14: PCPE - Cargo 01: Agente de Policia - 2025.2 | B14: AP-02-2025.2 | C14: 2097 | D14: 2025-11-17 | E14: 10010274 | F14: ALISSON MOURA GOMES | G14: Destro | H14: 0 | J14: 0 | K14: 70165183454 | L14: 83982044369 | M14: m | N14: 4023538 | O14: 20012012 | P14: PB | Q14: alisson.gomes@policiacivil.pe.gov.br | R14: 70165183454 | S14: PCPE
A15: PCPE - Cargo 01: Agente de Policia - 2025.2 | B15: AP-06-2025.2 | C15: 2293 | D15: 2025-11-17 | E15: 10060432 | F15: ALISSON RICARDO COSTA SANTOS | G15: Destro | H15: 0 | J15: 0 | K15: 5611798594 | L15: 79991066472 | M15: m | N15: 34844783 | O15: 12022014 | P15: SE | Q15: alisson.rcs@policiacivil.pe.gov.br | R15: 05611798594 | S15: PCPE
A16: PCPE - Cargo 01: Agente de Policia - 2025.2 | B16: AP-05-2025.2 | C16: 2079 | D16: 2025-11-17 | E16: 10020824 | F16: ALLANA NASCIMENTO SILVA | G16: Destro | H16: 0 | J16: 0 | K16: 11162269448 | L16: 81992808986 | M16: f | N16: 9228555 | O16: 02062011 | P16: PE | Q16: allana.nascimento@policiacivil.pe.gov.br | R16: 11162269448 | S16: PCPE
A17: PCPE - Cargo 01: Agente de Policia - 2025.2 | B17: AP-05-2025.2 | C17: 2334 | D17: 2025-11-17 | E17: 10026753 | F17: ALLYSON ANDRADE FERREIRA | G17: Destro | H17: 0 | J17: 0 | K17: 12018068440 | L17: 81997181407 | M17: m | N17: 9623010 | O17: 18122012 | P17: SDS/PE | Q17: allyson.aferreira@pm.pe.gov.br | R17: 12018068440 | S17: PM
A18: PCPE - Cargo 01: Agente de Policia - 2025.2 | B18: AP-05-2025.2 | C18: 2162 | D18: 2025-11-17 | E18: 10022903 | F18: ALLYSSON ROMILDO SIQUEIRA FALCAO | G18: Destro | H18: 0 | J18: 0 | K18: 70860425444 | L18: 87996123369 | M18: m | N18: 9362048 | O18: 22022022 | P18: SDS-PE | Q18: allysson.falcao@policiacivil.pe.gov.br | R18: 70860425444 | S18: PCPE
A19: PCPE - Cargo 01: Agente de Policia - 2025.2 | B19: AP-07-2025.2 | C19: 2360 | D19: 2025-11-17 | E19: 10067846 | F19: ALVARO PEREIRA DOS SANTOS | G19: Destro | H19: 0 | J19: 0 | K19: 9493095401 | L19: 81995146406 | M19: m | N19: 8282414 | O19: 07052007 | P19: PE | Q19: alvaro.pereira@policiacivil.pe.gov.br | R19: 09493095401 | S19: PCPE
A20: PCPE - Cargo 01: Agente de Policia - 2025.2 | B20: AP-03-2025.2 | C20: 2037 | D20: 2025-11-17 | E20: 10020715 | F20: ALYNE MANUELA DE SOUZA FLORENCIO | G20: Canhoto | H20: 0 | J20: 0 | K20: 9717938407 | L20: 81994704120 | M20: f | N20: 8594315 | O20: 05082008 | P20: SDS/PE | Q20: alyne.florencio@pm.pe.gov.br | R20: 09717938407 | S20: PM
A21: PCPE - Cargo 01: Agente de Policia - 2025.2 | B21: AP-02-2025.2 | C21: 2260 | D21: 2025-11-17 | E21: 10003730 | F21: ALYSSON GOMES MARQUES | G21: Destro | H21: 0 | J21: 0 | K21: 11565204441 | L21: 87996619031 | M21: m | N21: 9419594 | O21: 10112023 | P21: PE | Q21: alysson.marques@policiacivil.pe.gov.br | R21: 11565204441 | S21: PCPE
A22: PCPE - Cargo 01: Agente de Policia - 2025.2 | B22: AP-08-2025.2 | C22: 2500 | D22: 2025-11-28 | E22: 10052591 | F22: AMANDA GOMES DE SOUSA AMORIM | G22: Destro | H22: 0 | J22: 0 | K22: 5739248485 | L22: 83996337207 | M22: f | N22: 2664443 | O22: 19082019 | P22: PB | Q22: amanda.gamorim@educacao.pe.gov.br | R22: 05739248485 | S22: SEDUC
A23: PCPE - Cargo 01: Agente de Policia - 2025.2 | B23: AP-07-2025.2 | C23: 2321 | D23: 2025-11-17 | E23: 10045686 | F23: AMANDA RAFAELA DE AZEVEDO SANTOS | G23: Destro | H23: 0 | J23: 0 | K23: 10233575421 | L23: 81988387265 | M23: f | N23: 8313208 | O23: 24072018 | P23: PE | Q23: amanda.rsantos@policiacivil.pe.gov.br | R23: 10233575421 | S23: PCPE
A24: PCPE - Cargo 01: Agente de Policia - 2025.2 | B24: AP-07-2025.2 | C24: 2191 | D24: 2025-11-17 | E24: 10005467 | F24: ANA CAROLINA DE SOUZA FRANCA | G24: Destro | H24: 0 | J24: 0 | K24: 7995582498 | L24: 87999499077 | M24: f | N24: 7987574 | O24: 27032023 | P24: SDS/PE | Q24: anac.franca@pm.pe.gov.br | R24: 07995582498 | S24: PM
A25: PCPE - Cargo 01: Agente de Policia - 2025.2 | B25: AP-08-2025.2 | C25: 2422 | D25: 2025-11-24 | E25: 10045297 | F25: ANA CLARA RODRIGUES ALVES | G25: Destro | H25: 0 | J25: 0 | K25: 12048136478 | L25: 87999468932 | M25: f | N25: 9724221 | O25: 22052013 | P25: SDS PE | Q25: ana.alves @pm.pe.gov.br | R25: 12048136478 | S25: PM
A26: PCPE - Cargo 01: Agente de Policia - 2025.2 | B26: AP-03-2025.2 | C26: 2523 | D26: 2025-12-05 | E26: 10065667 | F26: ANDERSON CARLOS ALBUQUERQUE DE SANTANA | G26: Destro | H26: 0 | J26: 0 | K26: 8272868482 | L26: 81999692158 | M26: m | N26: 7461557 | O26: 28032014 | P26: PE | Q26: anderson.santana@pm.pe.gov.br | R26: 08272868482 | S26: PM
A27: PCPE - Cargo 01: Agente de Policia - 2025.2 | B27: AP-02-2025.2 | C27: 2076 | D27: 2025-11-17 | E27: 10058967 | F27: ANDERSON LUIZ GOMES DE FREITAS TORRES | G27: Destro | H27: 0 | J27: 0 | K27: 9075675410 | L27: 81996466146 | M27: m | N27: 8297040 | O27: 15062017 | P27: PE | Q27: andersonluiz.freitas@policiacivil.pe.gov.br | R27: 09075675410 | S27: PCPE
... A42: PCPE - Cargo 01: Agente de Policia - 2025.2 | B42: AP-05-2025.2 | C42: 2268 | D42: 2025-11-17 | E42: 10055832 | F42: BIANCA PRISCILA GARCIA SILVA | G42: Destro | H42: 0 | J42: 0 | K42: 6706767484 | L42: 81979142121 | M42: f | N42: 8547175 | O42: 09042021 | P42: PE | Q42: bianca.garcia@policiacivil.pe.gov.br | R42: 06706767484 | S42: PCPE
A43: PCPE - Cargo 01: Agente de Policia - 2025.2 | B43: AP-05-2025.2 | C43: 2188 | D43: 2025-11-17 | E43: 10024927 | F43: BRUNA MARIA DA SILVA MARTINS | G43: Destro | H43: 1 | I43: Visão Monocular CID H54.4- SEM NECESSIDADES E ATENÇÕES ESPECIAIS | J43: 0 | K43: 70989600475 | L43: 81993968671 | M43: f | N43: 10043702 | O43: 13092024 | P43: PE | Q43: bruna.smartins@policiacivil.pe.gov.br | R43: 70989600475 | S43: PCPE
A44: PCPE - Cargo 01: Agente de Policia - 2025.2 | B44: AP-01-2025.2 | C44: 2096 | D44: 2025-11-17 | E44: 10043362 | F44: BRUNA MARIA SOBRAL | G44: Destro | H44: 0 | J44: 0 | K44: 10193217414 | L44: 81995108448 | M44: f | N44: 8375754 | O44: 23042024 | P44: PE | Q44: bruna.sobral@policiacivil.pe.gov.br | R44: 10193217414 | S44: PCPE
A45: PCPE - Cargo 01: Agente de Policia - 2025.2 | B45: AP-02-2025.2 | C45: 2274 | D45: 2025-11-17 | E45: 10038017 | F45: BRUNO EUGENIO PACELLI DE OLIVEIRA | G45: Destro | H45: 0 | J45: 0 | K45: 70189836490 | L45: 81973417093 | M45: m | N45: 9412122 | O45: 19012018 | P45: PE | Q45: bruno.pacelli@policiacivil.pe.gov.br | R45: 70189836490 | S45: PCPE
A46: PCPE - Cargo 01: Agente de Policia - 2025.2 | B46: AP-02-2025.2 | C46: 2365 | D46: 2025-11-18 | E46: 10067769 | F46: CAIO ALEXANDRE DE LIMA OLIVEIRA | G46: Destro | H46: 0 | J46: 0 | K46: 11146821441 | L46: 87991275540 | M46: m | N46: 8561806 | O46: 27122022 | P46: PE | Q46: caio.oliveira@pm.pe.gov.br | R46: 11146821441 | S46: PM
A47: PCPE - Cargo 01: Agente de Policia - 2025.2 | B47: AP-04-2025.2 | C47: 2289 | D47: 2025-11-17 | E47: 10041613 | F47: CAIO APOLO PEREIRA PASSOS | G47: Destro | H47: 0 | J47: 0 | K47: 9804078422 | L47: 79996866590 | M47: m | N47: 7839073 | O47: 11122012 | P47: PE | Q47: caioapolo.passos@policiacivil.pe.gov.br | R47: 09804078422 | S47: PCPE
A48: PCPE - Cargo 01: Agente de Policia - 2025.2 | B48: AP-05-2025.2 | C48: 2117 | D48: 2025-11-17 | E48: 10018639 | F48: CAMILA SOUZA PRIMO | G48: Destro | H48: 0 | J48: 0 | K48: 10622072463 | L48: 81998635304 | M48: f | N48: 9299333 | O48: 06012018 | P48: SDS/PE | Q48: camila.primo@policiacivil.pe.gov.br | R48: 10622072463 | S48: PCPE
A49: PCPE - Cargo 01: Agente de Policia - 2025.2 | B49: AP-06-2025.2 | C49: 2107 | D49: 2025-11-17 | E49: 10005965 | F49: CARLOS ALEXANDRE DOS SANTOS DIAS | G49: Destro | H49: 0 | J49: 0 | K49: 4305665492 | L49: 81997444853 | M49: m | N49: 5965532 | O49: 29101997 | P49: PE | Q49: carlos.dias@bombeiros.pe.gov.br | R49: 04305665492 | S49: BMPE
A50: PCPE - Cargo 01: Agente de Policia - 2025.2 | B50: AP-01-2025.2 | C50: 2423 | D50: 2025-11-24 | E50: 10009542 | F50: CARLOS ANDRE XAVIER DA SILVA | G50: Destro | H50: 0 | J50: 0 | K50: 6930737488 | L50: 81996361002 | M50: m | N50: 6372027 | O50: 08012010 | P50: PE | Q50: carlos.axs@policiacivil.pe.gov.br | R50: 06930737488 | S50: PCPE
A51: PCPE - Cargo 01: Agente de Policia - 2025.2 | B51: AP-04-2025.2 | C51: 2276 | D51: 2025-11-17 | E51: 10064876 | F51: CARLOS EDUARDO MARTINS NUNES CODECEIRA | G51: Destro | H51: 0 | J51: 0 | K51: 10777971410 | L51: 81981128814 | M51: m | N51: 8567974 | O51: 29122021 | P51: PE | Q51: carlos.codeceira@policiacivil.pe.gov.br | R51: 10777971410 | S51: PCPE
A52: PCPE - Cargo 01: Agente de Policia - 2025.2 | B52: AP-06-2025.2 | C52: 2233 | D52: 2025-11-17 | E52: 10046213 | F52: CAROLINA RODRIGUES MEDRADO | G52: Destro | H52: 0 | J52: 0 | K52: 5915874592 | L52: 8738617453 | M52: f | N52: 10685262 | O52: 29012021 | P52: PE | Q52: carolina.medrado@policiacivil.pe.gov.br | R52: 05915874592 | S52: PCPE
A53: PCPE - Cargo 01: Agente de Policia - 2025.2 | B53: AP-08-2025.2 | C53: 2046 | D53: 2025-11-17 | E53: 10001575 | F53: CESAR BATISTA ALENCAR PINTO | G53: Destro | H53: 0 | J53: 0 | K53: 9429256459 | L53: 081986333367 | M53: m | N53: 8789690 | O53: 25092025 | P53: PE | Q53: cesar.pinto@policiacivil.pe.gov.br | R53: 09429256459 | S53: PCPE
A54: PCPE - Cargo 01: Agente de Policia - 2025.2 | B54: AP-03-2025.2 | C54: 2114 | D54: 2025-11-17 | E54: 10067620 | F54: CLEBER FERREIRA MARQUES | G54: Destro | H54: 0 | J54: 0 | K54: 1065197519 | L54: 71992882944 | M54: m | N54: 2088848980 | O54: 01112023 | P54: DETRAN/BA | Q54: cleber.marques@policiacivil.pe.gov.br | R54: 01065197519 | S54: PCPE
A55: PCPE - Cargo 01: Agente de Policia - 2025.2 | B55: AP-05-2025.2 | C55: 2068 | D55: 2025-11-17 | E55: 10001337 | F55: CLELIO FERREIRA DA SILVA SOBRINHO | G55: Destro | H55: 0 | J55: 0 | K55: 2851959484 | L55: 81988268963 | M55: m | N55: 5717161 | O55: 22022002 | P55: PE | Q55: clelio.ferreira@pm.pe.gov.br | R55: 02851959484 | S55: PM
A56: PCPE - Cargo 01: Agente de Policia - 2025.2 | B56: AP-03-2025.2 | C56: 2408 | D56: 2025-11-18 | E56: 10069015 | F56: DAMAZIO ALCANTARA DE LIRA NETO | G56: Destro | H56: 0 | J56: 0 | K56: 8069152427 | L56: 69993769176 | M56: m | N56: 1400728 | O56: 24082016 | P56: RO | Q56: damazio.lira@policiacivil.pe.gov.br | R56: 08069152427 | S56: PCPE
A57: PCPE - Cargo 01: Agente de Policia - 2025.2 | B57: AP-05-2025.2 | C57: 2179 | D57: 2025-11-17 | E57: 10002353 | F57: DANIEL FRANCISCO DO NASCIMENTO | G57: Destro | H57: 0 | J57: 0 | K57: 5464893466 | L57: 81998080357 | M57: m | N57: 6461809 | O57: 15122003 | P57: PE | Q57: daniel.fnascimento@pm.pe.gov.br | R57: 05464893466 | S57: PM
A58: PCPE - Cargo 01: Agente de Policia - 2025.2 | B58: AP-02-2025.2 | C58: 2086 | D58: 2025-11-17 | E58: 10058373 | F58: DANIELLE NOBREGA CAMPOS | G58: Destro | H58: 0 | J58: 0 | K58: 4630921478 | L58: 81999957469 | M58: f | N58: 6307363 | O58: 31072015 | P58: PE | Q58: danielle.campos@policiacivil.pe.gov.br | R58: 04630921478 | S58: PCPE
A59: PCPE - Cargo 01: Agente de Policia - 2025.2 | B59: AP-02-2025.2 | C59: 2113 | D59: 2025-11-17 | E59: 10063071 | F59: DANILLO SCANONI SILVA BARROS | G59: Destro | H59: 0 | J59: 0 | K59: 5289507469 | L59: 81996188721 | M59: m | N59: 9330797 | O59: 05102020 | P59: SDS - PE | Q59: danillo.barros@pm.pe.gov.br | R59: 05289507469 | S59: PM
A60: PCPE - Cargo 01: Agente de Policia - 2025.2 | B60: AP-06-2025.2 | C60: 2453 | D60: 2025-11-24 | E60: 10050788 | F60: DANILO MIRANDA DE ARAUJO LAET LOPES | G60: Destro | H60: 0 | J60: 0 | K60: 7047767312 | L60: 86999322514 | M60: m | N60: 7047767312 | O60: 25092024 | P60: PI | Q60: danilo.laet@policiacivil.pe.gov.br | R60: 07047767312 | S60: PCPE
A61: PCPE - Cargo 01: Agente de Policia - 2025.2 | B61: AP-08-2025.2 | C61: 2311 | D61: 2025-11-17 | E61: 10012186 | F61: DANILO SILVA | G61: Destro | H61: 0 | J61: 0 | K61: 9918789492 | L61: 81996616678 | M61: m | N61: 8303142 | O61: 17052007 | P61: PE | Q61: danilos@policiacivil.pe.gov.br | R61: 09918789492 | S61: PCPE
A62: PCPE - Cargo 01: Agente de Policia - 2025.2 | B62: AP-05-2025.2 | C62: 2319 | D62: 2025-11-17 | E62: 10036127 | F62: DANRLEY SANTANA SILVA | G62: Destro | H62: 0 | J62: 0 | K62: 5589697557 | L62: 79998097894 | M62: m | N62: 24151122 | O62: 09062023 | P62: SE | Q62: danrley.silva@policiacivil.pe.gov.br | R62: 05589697557 | S62: PCPE
... A66: PCPE - Cargo 01: Agente de Policia - 2025.2 | B66: AP-04-2025.2 | C66: 2484 | D66: 2025-11-25 | E66: 10067577 | F66: DIEGO AUGUSTO ALVARES DA SILVA LIRA | G66: Destro | H66: 0 | J66: 0 | K66: 10136006493 | L66: 87996380713 | M66: m | N66: 8329942 | O66: 04102024 | P66: PE | Q66: diego.slira@policiacivil.pe.gov.br | R66: 10136006493 | S66: PCPE
A67: PCPE - Cargo 01: Agente de Policia - 2025.2 | B67: AP-07-2025.2 | C67: 2166 | D67: 2025-11-17 | E67: 10037514 | F67: DIEGO HENRIQUE NUNES DE MELO FILHO | G67: Destro | H67: 1 | I67: Sou deficiente auditivo unilateral (ouvido esquerdo) | J67: 0 | K67: 11258301407 | L67: 81996601424 | M67: m | N67: 9262669 | O67: 21022022 | P67: PE | Q67: diego_melo@policiacivil.pe.gov.br | R67: 11258301407 | S67: PCPE
A68: PCPE - Cargo 01: Agente de Policia - 2025.2 | B68: AP-01-2025.2 | C68: 2398 | D68: 2025-11-18 | E68: 10060636 | F68: DIEGO TELES DE MOURA FERRAZ | G68: Destro | H68: 0 | J68: 0 | K68: 6045681428 | L68: 81983459768 | M68: m | N68: 7732408 | O68: 06012005 | P68: PE | Q68: diego.mferraz@policiacivil.pe.gov.br | R68: 06045681428 | S68: PCPE
A69: PCPE - Cargo 01: Agente de Policia - 2025.2 | B69: AP-03-2025.2 | C69: 2202 | D69: 2025-11-17 | E69: 10039220 | F69: DONIZETE DA SILVA AGUIAR | G69: Destro | H69: 0 | J69: 0 | K69: 94764549387 | L69: 99981308335 | M69: m | N69: 156178920005 | O69: 25042023 | P69: MA | Q69: donizete.aguiar@policiacivil.pe.gov.br | R69: 94764549387 | S69: PCPE
A70: PCPE - Cargo 01: Agente de Policia - 2025.2 | B70: AP-04-2025.2 | C70: 2187 | D70: 2025-11-17 | E70: 10058078 | F70: EDUARDA RAFAELLY DA SILVA SOUZA | G70: Destro | H70: 0 | J70: 0 | K70: 6539689497 | L70: 8134324814 | M70: f | N70: 8610149 | O70: 16012020 | P70: PE | Q70: eduarda.souza@empetur.pe.gov.br | R70: 06539689497 | S70: empetur
A71: PCPE - Cargo 01: Agente de Policia - 2025.2 | B71: AP-03-2025.2 | C71: 2315 | D71: 2025-11-17 | E71: 10063869 | F71: EDUARDO FELIPE XAVIER FIGUEIREDO DE LIMA | G71: Destro | H71: 0 | J71: 0 | K71: 11041244401 | L71: 81985225577 | M71: m | N71: 9181098 | O71: 04032011 | P71: SDS/PE | Q71: eduardo.lima3@pm.pe.gov.br | R71: 11041244401 | S71: PM
A72: PCPE - Cargo 01: Agente de Policia - 2025.2 | B72: AP-07-2025.2 | C72: 2235 | D72: 2025-11-17 | E72: 10038939 | F72: EDUARDO JORGE DA SILVA JUNIOR | G72: Destro | H72: 0 | J72: 0 | K72: 12214336443 | L72: 81988436766 | M72: m | N72: 9155119 | O72: 06122017 | P72: PE | Q72: eduardo.sjunior@pm.pe.gov.br | R72: 12214336443 | S72: PM
A73: PCPE - Cargo 01: Agente de Policia - 2025.2 | B73: AP-03-2025.2 | C73: 2242 | D73: 2025-11-17 | E73: 10052574 | F73: EDUARDO MARQUES MENDONCA | G73: Destro | H73: 0 | J73: 0 | K73: 3546602501 | L73: 87996331999 | M73: m | N73: 1457444500 | O73: 13032018 | P73: BA | Q73: eduardo.mendonca@policiacivil.pe.gov.br | R73: 03546602501 | S73: PCPE
A74: PCPE - Cargo 01: Agente de Policia - 2025.2 | B74: AP-01-2025.2 | C74: 2156 | D74: 2025-11-17 | E74: 10022343 | F74: EDWARD FERREIRA VIEIRA | G74: Destro | H74: 0 | J74: 0 | K74: 9463837400 | L74: 83988089170 | M74: m | N74: 3519723 | O74: 20032023 | P74: PB | Q74: Edward.vieira@policiacivil.pe.gov.br | R74: 09463837400 | S74: PCPE
A75: PCPE - Cargo 01: Agente de Policia - 2025.2 | B75: AP-03-2025.2 | C75: 2428 | D75: 2025-11-24 | E75: 10022281 | F75: ELENICE ALVES CORREA | G75: Destro | H75: 0 | J75: 0 | K75: 6517652426 | L75: 81985682108 | M75: f | N75: 5892571 | O75: 11082015 | P75: PE | Q75: elenice.correa@policiacivil.pe.gov.br | R75: 06517652426 | S75: PCPE
A76: PCPE - Cargo 01: Agente de Policia - 2025.2 | B76: AP-02-2025.2 | C76: 2522 | D76: 2025-12-04 | E76: 10002195 | F76: ELTON BELARMINO DOS SANTOS | G76: Destro | H76: 0 | J76: 0 | K76: 9155603483 | L76: 81996478085 | M76: m | N76: 7922364 | O76: 31082015 | P76: PE | Q76: elton.belarmino@policiacivil.pe.gov.br | R76: 09155603483 | S76: PCPE
A77: PCPE - Cargo 01: Agente de Policia - 2025.2 | B77: AP-01-2025.2 | C77: 2259 | D77: 2025-11-17 | E77: 10061197 | F77: ELVYS CANDIDO DA SILVA BARBOSA | G77: Destro | H77: 0 | J77: 0 | K77: 9269267482 | L77: 81986570344 | M77: m | N77: 3608432 | O77: 01122007 | P77: PB | Q77: elvys.barbosa@pm.pe.gov.br | R77: 09269267482 | S77: PM
A78: PCPE - Cargo 01: Agente de Policia - 2025.2 | B78: AP-05-2025.2 | C78: 2277 | D78: 2025-11-17 | E78: 10056998 | F78: EMANUEL DE SOUSA OLIVEIRA NETO | G78: Destro | H78: 0 | J78: 0 | K78: 10086499459 | L78: 87999538081 | M78: m | N78: 8573456 | O78: 06022015 | P78: SDS-PE | Q78: emanuel.neto@pm.pe.gov.br | R78: 10086499459 | S78: PM
A79: PCPE - Cargo 01: Agente de Policia - 2025.2 | B79: AP-06-2025.2 | C79: 2056 | D79: 2025-11-17 | E79: 10003509 | F79: EMERSON LEANDRO DA SILVA | G79: Destro | H79: 0 | J79: 0 | K79: 9282631427 | L79: 81993307214 | M79: m | N79: 9336995 | O79: 19042022 | P79: PE | Q79: emerson.leandro@policiacivil.pe.gov.br | R79: 09282631427 | S79: PCPE
A80: PCPE - Cargo 01: Agente de Policia - 2025.2 | B80: AP-02-2025.2 | C80: 2462 | D80: 2025-11-24 | E80: 10045634 | F80: ENOQUE GUTHIERREZ OLIVEIRA JACINTO | G80: Destro | H80: 0 | J80: 0 | K80: 10711002460 | L80: 81997963403 | M80: m | N80: 8686605 | O80: 29042022 | P80: PE | Q80: enoque.jacinto@policiacivil.pe.gov.br | R80: 10711002460 | S80: PCPE
A81: PCPE - Cargo 01: Agente de Policia - 2025.2 | B81: AP-05-2025.2 | C81: 2205 | D81: 2025-11-17 | E81: 10049474 | F81: ERIVALDO JOSE DO NASCIMENTO | G81: Destro | H81: 0 | J81: 0 | K81: 9815583484 | L81: 81997402472 | M81: m | N81: 8366651 | O81: 27092021 | P81: SDS | Q81: erivaldoj.nascimento@policiacivil.pe.gov.br | R81: 09815583484 | S81: PCPE
A82: PCPE - Cargo 01: Agente de Policia - 2025.2 | B82: AP-03-2025.2 | C82: 2529 | D82: 2025-12-05 | E82: 10043177 | F82: EUGENIO MARCELO DE ASSIS PEREIRA | G82: Canhoto | H82: 0 | J82: 0 | K82: 6640124424 | L82: 83996396556 | M82: m | N82: 2914013 | O82: 30062008 | P82: SSP/PB | Q82: eugenio.mapereira@policiacivil.pe.gov.br | R82: 06640124424 | S82: PCPE
A83: PCPE - Cargo 01: Agente de Policia - 2025.2 | B83: AP-06-2025.2 | C83: 2190 | D83: 2025-11-17 | E83: 10001138 | F83: FABIO ANDERSON SANTOS SALES | G83: Canhoto | H83: 1 | I83: PERDA AUDITIVA BILATERAL PARCIAL NEUROSSENSORIAL, MODERADA, USO DE APARELHO EM DETERMINAS SITUAÇÕES COMO REUNIÃO EM ESPAÇO AMPLO, AUDIÊNCIA OU LUGAR COM SONS CONCORRENTES. | J83: 0 | K83: 98868535572 | L83: 7930443044 | M83: m | N83: 1293379 | O83: 10062022 | P83: SSP/SE | Q83: fabio.asales@policiacivil.pe.gov.br | R83: 98868535572 | S83: PCPE
A84: PCPE - Cargo 01: Agente de Policia - 2025.2 | B84: AP-02-2025.2 | C84: 2048 | D84: 2025-11-17 | E84: 10029079 | F84: FABIO FIGUEIREDO DE OLIVEIRA COSTA | G84: Destro | H84: 0 | J84: 0 | K84: 8918475454 | L84: 81997290100 | M84: m | N84: 8308408 | O84: 10112025 | P84: PE | Q84: fabio.ocosta@policiacivil.pe.gov.br | R84: 08918475454 | S84: PCPE
A85: PCPE - Cargo 01: Agente de Policia - 2025.2 | B85: AP-06-2025.2 | C85: 2221 | D85: 2025-11-17 | E85: 10054043 | F85: FELIPE OLIVEIRA PEREIRA | G85: Destro | H85: 0 | J85: 0 | K85: 7368628465 | L85: 81997090467 | M85: m | N85: 7766912 | O85: 04112015 | P85: SDS/PE | Q85: felipe.pereira1@seap.pe.gov.br | R85: 07368628465 | S85: SEAP
A86: PCPE - Cargo 01: Agente de Policia - 2025.2 | B86: AP-03-2025.2 | C86: 2217 | D86: 2025-11-17 | E86: 10032335 | F86: FERNANDO AUGUSTO SALES DA SILVA | G86: Canhoto | H86: 0 | J86: 0 | K86: 10133381463 | L86: 81995214684 | M86: m | N86: 8356681 | O86: 09072024 | P86: PE | Q86: fernandoaugusto.sales@seap.pe.gov.br | R86: 10133381463 | S86: SEAP
A87: PCPE - Cargo 01: Agente de Policia - 2025.2 | B87: AP-04-2025.2 | C87: 2451 | D87: 2025-11-24 | E87: 10039262 | F87: FILIPE FALCONE GALVAO DO NASCIMENTO | G87: Destro | H87: 0 | J87: 0 | K87: 70267902425 | L87: 81996959096 | M87: m | N87: 8239508 | O87: 26082022 | P87: SDS/PE | Q87: filipe.nascimento@pm.pe.gov.br | R87: 70267902425 | S87: PM
A88: PCPE - Cargo 01: Agente de Policia - 2025.2 | B88: AP-06-2025.2 | C88: 2437 | D88: 2025-11-24 | E88: 10001370 | F88: FRANCISCO AYRES DA SILVA | G88: Destro | H88: 0 | J88: 0 | K88: 6783920488 | L88: 84996302012 | M88: m | N88: 1832526 | O88: 26012022 | P88: RN | Q88: francisco.ayres@policiacivil.pe.gov.br | R88: 06783920488 | S88: PCPE
A89: PCPE - Cargo 01: Agente de Policia - 2025.2 | B89: AP-07-2025.2 | C89: 2496 | D89: 2025-11-28 | E89: 10050811 | F89: FRANCISCO MURIEL FEITOSA DE CARVALHO | G89: Destro | H89: 0 | J89: 0 | K89: 10911865454 | L89: 87991373939 | M89: m | N89: 3275405 | O89: 19112019 | P89: RN | Q89: francisco.mfcarvalho@policiacivil.pe.gov.br | R89: 10911865454 | S89: PCPE
A90: PCPE - Cargo 01: Agente de Policia - 2025.2 | B90: AP-03-2025.2 | C90: 2483 | D90: 2025-11-25 | E90: 10008154 | F90: GABRIEL ANTONIO DA SILVA | G90: Destro | H90: 0 | J90: 0 | K90: 10800003489 | L90: 81987430192 | M90: m | N90: 9218405 | O90: 13022019 | P90: PE | Q90: gabriel.silva108@pm.pe.gov.br | R90: 10800003489 | S90: PM
A91: PCPE - Cargo 01: Agente de Policia - 2025.2 | B91: AP-01-2025.2 | C91: 2479 | D91: 2025-11-24 | E91: 10065620 | F91: GABRIEL BARBOSA BEZERRA | G91: Destro | H91: 0 | J91: 0 | K91: 10804262489 | L91: 82999242636 | M91: m | N91: 34930752 | O91: 16012019 | P91: AL | Q91: gabriel.barbosa@pm,pe.gov.br | R91: 10804262489 | S91: PM
A92: PCPE - Cargo 01: Agente de Policia - 2025.2 | B92: AP-07-2025.2 | C92: 2477 | D92: 2025-11-24 | E92: 10011853 | F92: GABRIEL DUARTE MEIRA | G92: Canhoto | H92: 0 | J92: 0 | K92: 7486994496 | L92: 81995572740 | M92: m | N92: 7123480 | O92: 15032018 | P92: PE | Q92: gabrielduarte.meira@policiacivil.pe.gov.br | R92: 07486994496 | S92: PCPE
A93: PCPE - Cargo 01: Agente de Policia - 2025.2 | B93: AP-05-2025.2 | C93: 2246 | D93: 2025-11-17 | E93: 10068974 | F93: GABRIEL KENNEDY DOS SANTOS SILVA | G93: Destro | H93: 0 | J93: 0 | K93: 11153276402 | L93: 87996506073 | M93: m | N93: 8322272 | O93: 11062007 | P93: PE | Q93: gabriel,silva3@pm.pe.gov.br | R93: 11153276402 | S93: PM
A94: PCPE - Cargo 01: Agente de Policia - 2025.2 | B94: AP-04-2025.2 | C94: 2127 | D94: 2025-11-17 | E94: 10029661 | F94: GABRIEL NICOLAU ANGELO MATIAS | G94: Destro | H94: 0 | J94: 0 | K94: 6551851355 | L94: 83987357015 | M94: m | N94: 2000099193974 | O94: 20072012 | P94: CE | Q94: gabriel.matias@policiacivil.pe.gov.br | R94: 06551851355 | S94: PCPE
A95: PCPE - Cargo 01: Agente de Policia - 2025.2 | B95: AP-03-2025.2 | C95: 2186 | D95: 2025-11-17 | E95: 10062551 | F95: GABRIELLA MOREIRA CAMPOS | G95: Destro | H95: 0 | J95: 0 | K95: 9457475437 | L95: 83993046277 | M95: f | N95: 3957546 | O95: 28042011 | P95: SSDS-PB | Q95: gabriellam.campos@policiacivil.pe.gov.br | R95: 09457475437 | S95: PCPE
... A103: PCPE - Cargo 01: Agente de Policia - 2025.2 | B103: AP-03-2025.2 | C103: 2125 | D103: 2025-11-17 | E103: 10048971 | F103: GUILHERME PEDRO DA SILVA TORRES | G103: Destro | H103: 0 | J103: 0 | K103: 14672034402 | L103: 81995254039 | M103: m | N103: 10836583 | O103: 23052018 | P103: PE | Q103: guillherme.torres@policiacivil.pe.gov.br | R103: 14672034402 | S103: PCPE
A104: PCPE - Cargo 01: Agente de Policia - 2025.2 | B104: AP-05-2025.2 | C104: 2402 | D104: 2025-11-18 | E104: 10046237 | F104: HARTUR RODRIGUES DE CARVALHO | G104: Destro | H104: 1 | I104: Deficiência auditiva moderada. Porém, não há necessidade de atenção especial no momento. | J104: 0 | K104: 1382018460 | L104: 81997424260 | M104: m | N104: 7021750 | O104: 11092024 | P104: PE | Q104: hartur.carvalho@policiacivil.pe.gov.br | R104: 01382018460 | S104: PCPE
A105: PCPE - Cargo 01: Agente de Policia - 2025.2 | B105: AP-02-2025.2 | C105: 2200 | D105: 2025-11-17 | E105: 10038632 | F105: HENRIQUE CESAR FAGUNDES RIBEIRO | G105: Destro | H105: 0 | J105: 0 | K105: 93423004215 | L105: 85985053093 | M105: m | N105: 20182010001 | O105: 07082018 | P105: SDS/CE | Q105: henriquecesar.fagundes@policiacivil.pe.gov.br | R105: 93423004215 | S105: PCPE
A106: PCPE - Cargo 01: Agente de Policia - 2025.2 | B106: AP-06-2025.2 | C106: 2390 | D106: 2025-11-18 | E106: 10010016 | F106: HENRIQUE PASCOAL MUNIZ | G106: Canhoto | H106: 0 | J106: 0 | K106: 8013426432 | L106: 81993215929 | M106: m | N106: 7977605 | O106: 03032012 | P106: PE | Q106: henrique.pmuniz@policiacivil.pe.gov.br | R106: 08013426432 | S106: PCPE
A107: PCPE - Cargo 01: Agente de Policia - 2025.2 | B107: AP-02-2025.2 | C107: 2505 | D107: 2025-11-28 | E107: 10023632 | F107: HERBERT RAPHAEL DA SILVA | G107: Destro | H107: 0 | J107: 0 | K107: 5140671107 | L107: 81997936500 | M107: m | N107: 9670455 | O107: 08032013 | P107: PE | Q107: herbert.rsilva@pm.pe.gov.br | R107: 05140671107 | S107: PM
A108: PCPE - Cargo 01: Agente de Policia - 2025.2 | B108: AP-08-2025.2 | C108: 2342 | D108: 2025-11-17 | E108: 10041026 | F108: HUAM MARCOS DE LIMA XAVIER | G108: Destro | H108: 0 | J108: 0 | K108: 7388868402 | L108: 81981682983 | M108: m | N108: 7388868402 | O108: 05042025 | P108: PE | Q108: huam.xavier@policiacivil.pe.gov.br | R108: 07388868402 | S108: PCPE
A109: PCPE - Cargo 01: Agente de Policia - 2025.2 | B109: AP-05-2025.2 | C109: 2055 | D109: 2025-11-17 | E109: 10008566 | F109: HUGO MEDEIROS ZAMBONI LINS | G109: Destro | H109: 0 | J109: 0 | K109: 10022359443 | L109: 81996524156 | M109: m | N109: 8705754 | O109: 03022009 | P109: SDS PE | Q109: hugo.medeiros1@pm.pe.gov.br | R109: 10022359443 | S109: PM
A110: PCPE - Cargo 01: Agente de Policia - 2025.2 | B110: AP-01-2025.2 | C110: 2199 | D110: 2025-11-17 | E110: 10059579 | F110: ICARO GUILHERME MENDES PEREIRA | G110: Destro | H110: 0 | J110: 0 | K110: 4767538564 | L110: 74991113843 | M110: m | N110: 4767538564 | O110: 07102025 | P110: SSP/BA | Q110: icaro.gmpereira@policiacivil.pe.gov.br | R110: 04767538564 | S110: PCPE
A111: PCPE - Cargo 01: Agente de Policia - 2025.2 | B111: AP-05-2025.2 | C111: 2511 | D111: 2025-11-29 | E111: 10066908 | F111: ICARO RODOLFO DE LIMA SOUZA | G111: Destro | H111: 0 | J111: 0 | K111: 8083425419 | L111: 81996771352 | M111: m | N111: 7207459 | O111: 03072023 | P111: PE | Q111: icaro.rlsouza@policiacivil.pe.gov.br | R111: 08083425419 | S111: PCPE
A112: PCPE - Cargo 01: Agente de Policia - 2025.2 | B112: AP-04-2025.2 | C112: 2137 | D112: 2025-11-17 | E112: 10022047 | F112: INGRID VITORIA SILVA CARDOSO | G112: Destro | H112: 0 | J112: 0 | K112: 7462330350 | L112: 8821317604 | M112: f | N112: 7462330350 | O112: 20092024 | P112: CE | Q112: ingrid.cardoso@policiacivil.pe.gov.br | R112: 07462330350 | S112: PCPE
A113: PCPE - Cargo 01: Agente de Policia - 2025.2 | B113: AP-03-2025.2 | C113: 2463 | D113: 2025-11-24 | E113: 10045055 | F113: ITALO CAROLINO SANTANA PIRES | G113: Destro | H113: 0 | J113: 0 | K113: 5809594573 | L113: 87988801150 | M113: m | N113: 1595183507 | O113: 15082019 | P113: BA | Q113: italopires@policiacivil.pe.gov.br | R113: 05809594573 | S113: PCPE
A114: PCPE - Cargo 01: Agente de Policia - 2025.2 | B114: AP-05-2025.2 | C114: 2104 | D114: 2025-11-17 | E114: 10030449 | F114: ITALO DANIEL SILVA DE VASCONCELOS | G114: Canhoto | H114: 0 | J114: 0 | K114: 8009486450 | L114: 87999025961 | M114: m | N114: 5144318 | O114: 15102013 | P114: PE | Q114: italo.vasconcelos@pge.pe.gov.br | R114: 08009486450 | S114: pge
A115: PCPE - Cargo 01: Agente de Policia - 2025.2 | B115: AP-03-2025.2 | C115: 2263 | D115: 2025-11-17 | E115: 10059630 | F115: IURI CARVALHO DE MENDONCA | G115: Destro | H115: 0 | J115: 0 | K115: 9163873486 | L115: 81991530528 | M115: m | N115: 7904409 | O115: 21082013 | P115: SDS | Q115: iuri.mendonca@seap.pe.gov.br | R115: 09163873486 | S115: SEAP
A116: PCPE - Cargo 01: Agente de Policia - 2025.2 | B116: AP-04-2025.2 | C116: 2116 | D116: 2025-11-17 | E116: 10026767 | F116: JACKSON MATEUS FREIRE DE SENA | G116: Destro | H116: 1 | I116: Possuo visão monocular | J116: 0 | K116: 13405286492 | L116: 81987700809 | M116: m | N116: 10172031 | O116: 20052024 | P116: SDS-PE | Q116: jackson.sena@pm.pe.gov.br | R116: 13405286492 | S116: PM
A117: PCPE - Cargo 01: Agente de Policia - 2025.2 | B117: AP-02-2025.2 | C117: 2314 | D117: 2025-11-17 | E117: 10058742 | F117: JAILSON JAMERSON MOREIRA DOS SANTOS SILVA | G117: Destro | H117: 0 | J117: 0 | K117: 11240724462 | L117: 82999175659 | M117: m | N117: 36536270 | O117: 09082011 | P117: AL | Q117: jailson.moreira@policiacivil.pe.gov.br | R117: 11240724462 | S117: PCPE
A118: PCPE - Cargo 01: Agente de Policia - 2025.2 | B118: AP-02-2025.2 | C118: 2157 | D118: 2025-11-17 | E118: 10003583 | F118: JAMERSON MINERVINO DE OLIVEIRA | G118: Destro | H118: 0 | J118: 0 | K118: 5755842469 | L118: 81986351135 | M118: m | N118: 6244536 | O118: 29082022 | P118: PE | Q118: jamerson.minervino@policiacivil.pe.gov.br | R118: 05755842469 | S118: PCPE
A119: PCPE - Cargo 01: Agente de Policia - 2025.2 | B119: AP-06-2025.2 | C119: 2320 | D119: 2025-11-17 | E119: 10040383 | F119: JANIO MARTINS PINHEIRO | G119: Destro | H119: 0 | J119: 0 | K119: 3048029567 | L119: 79988365108 | M119: m | N119: 3048029567 | O119: 04102024 | P119: SE | Q119: janio.pinheiro@policiacivil.pe.gov.br | R119: 03048029567 | S119: PCPE
A120: PCPE - Cargo 01: Agente de Policia - 2025.2 | B120: AP-02-2025.2 | C120: 2216 | D120: 2025-11-17 | E120: 10009814 | F120: JAQUELINE DAYANE DE LIRA | G120: Destro | H120: 0 | J120: 0 | K120: 9701692489 | L120: 81971145729 | M120: f | N120: 7868250 | O120: 25042022 | P120: SDS/PE | Q120: jaquelineday.lira@policiacivil.pe.gov.br | R120: 09701692489 | S120: PCPE
A121: PCPE - Cargo 01: Agente de Policia - 2025.2 | B121: AP-01-2025.2 | C121: 2356 | D121: 2025-11-17 | E121: 10059009 | F121: JARDE GABRIEL PEREIRA DIONIZIO | G121: Destro | H121: 0 | J121: 1 | K121: 13062791438 | L121: 81987591270 | M121: m | N121: 8909873 | O121: 23082025 | P121: PE | Q121: jarde.gabriel@pm.pe.gov.br | R121: 13062791438 | S121: PM
A122: PCPE - Cargo 01: Agente de Policia - 2025.2 | B122: AP-01-2025.2 | C122: 2472 | D122: 2025-11-24 | E122: 10005511 | F122: JEAN SILVA GOMES DE OLIVEIRA | G122: Destro | H122: 0 | J122: 0 | K122: 12677889412 | L122: 81996691160 | M122: m | N122: 9824978 | O122: 30092013 | P122: PE | Q122: jeans.oliveira@pm.pe.gov.br | R122: 12677889412 | S122: PM
A123: PCPE - Cargo 01: Agente de Policia - 2025.2 | B123: AP-02-2025.2 | C123: 2470 | D123: 2025-11-24 | E123: 10047870 | F123: JEFFERSON HENRIQUE DA SILVA MOTA | G123: Destro | H123: 0 | J123: 0 | K123: 6947635438 | L123: 81997395299 | M123: m | N123: 7525128 | O123: 17032004 | P123: PE | Q123: jefferson.hsmota@policiacivil.pe.gov.br | R123: 06947635438 | S123: PCPE
A124: PCPE - Cargo 01: Agente de Policia - 2025.2 | B124: AP-02-2025.2 | C124: 2296 | D124: 2025-11-17 | E124: 10062583 | F124: JEFFERSON THIAGO DA SILVA LIMA | G124: Destro | H124: 0 | J124: 0 | K124: 5698398313 | L124: 88981303206 | M124: m | N124: 20071121581 | O124: 01052008 | P124: CE | Q124: jefferson.tslima@policiacivil.pe.gov.br | R124: 05698398313 | S124: PCPE
...
